{
  "Nu": 1920,
  "Nv": 1080,
  "ppx": 5.86E-6,
  "ppy": 5.86E-6,
  "fx": 0.00815225,
  "fy": 0.00815686,
  "ccx": 965.7921,
  "ccy": 554.381,
  "distCoeffs": [
    0.0,
    0.0,
    0.0,
    0.0,
    0.0
  ]
}